{
    "mean radius": 14.127291739894552,
    "mean texture": 19.289648506151142,
    "mean perimeter": 91.96903339191564,
    "mean area": 654.8891036906855,
    "mean smoothness": 0.0963602811950791,
    "mean compactness": 0.10434098418277679,
    "mean concavity": 0.0887993158172232,
    "mean concave points": 0.04891914586994728,
    "mean symmetry": 0.18116186291739894,
    "mean fractal dimension": 0.06279760984182776,
    "radius error": 0.40517205623901575,
    "texture error": 1.2168534270650264,
    "perimeter error": 2.8660592267135327,
    "area error": 40.337079086116,
    "smoothness error": 0.007040978910369069,
    "compactness error": 0.025478138840070295,
    "concavity error": 0.03189371634446397,
    "concave points error": 0.011796137082601054,
    "symmetry error": 0.02054229876977153,
    "fractal dimension error": 0.0037949038664323374,
    "worst radius": 16.269189806678387,
    "worst texture": 25.677223198594024,
    "worst perimeter": 107.26121265377857,
    "worst area": 880.5831282952548,
    "worst smoothness": 0.13236859402460457,
    "worst compactness": 0.25426504393673116,
    "worst concavity": 0.27218848330404216,
    "worst concave points": 0.11460622319859401,
    "worst symmetry": 0.2900755711775044,
    "worst fractal dimension": 0.0839458172231986
}